Metric,Mean,StdDev,CI_Lower,CI_Upper,CI_Width
AvgQ(Lq),0.29554149,0.01251674,0.28658818,0.30449481,0.01790663
Utilization(rho),0.41438926,0.00601800,0.41008454,0.41869398,0.00860944
AvgDelay(W),1.01033588,0.02114685,0.99520939,1.02546237,0.03025298
AvgWait(Wq),0.42210058,0.02114685,0.40697409,0.43722708,0.03025298
rho(theory),0.41176471,,,,
L(theory),0.70000000,,,,
W(theory),1.00000000,,,,
Wq(theory),0.41176471,,,,
Lq(theory),0.28823529,,,,
