Metric,Mean,StdDev,CI_Lower,CI_Upper,CI_Width
AvgQ(Lq),0.39302613,0.01793357,0.38019812,0.40585414,0.02565602
Utilization(rho),0.45786949,0.00631991,0.45334882,0.46239017,0.00904135
AvgDelay(W),1.69446611,0.03723399,1.66783237,1.72109985,0.05326749
AvgWait(Wq),0.78537520,0.03723399,0.75874146,0.81200895,0.05326749
rho(theory),0.45454545,,,,
L(theory),0.83333333,,,,
W(theory),1.66666667,,,,
Wq(theory),0.75757576,,,,
Lq(theory),0.37878788,,,,
