Metric,Mean,StdDev,CI_Lower,CI_Upper,CI_Width
AvgQ(Lq),1.14269290,0.09606783,1.07397489,1.21141091,0.13743602
Utilization(rho),0.63933574,0.01239424,0.63047005,0.64820143,0.01773138
AvgDelay(W),2.53682676,0.13749884,2.43847285,2.63518068,0.19670783
AvgWait(Wq),1.62773586,0.13749884,1.52938194,1.72608977,0.19670783
rho(theory),0.63636364,,,,
L(theory),1.75000000,,,,
W(theory),2.50000000,,,,
Wq(theory),1.59090909,,,,
Lq(theory),1.11363636,,,,
