Metric,Mean,StdDev,CI_Lower,CI_Upper,CI_Width
AvgQ(Lq),0.04103149,0.00167343,0.03983447,0.04222850,0.00239403
Utilization(rho),0.18217420,0.00288928,0.18010748,0.18424092,0.00413345
AvgDelay(W),1.11424157,0.01446829,1.10389230,1.12459085,0.02069855
AvgWait(Wq),0.20515066,0.01446829,0.19480139,0.21549994,0.02069855
rho(theory),0.18181818,,,,
L(theory),0.22222222,,,,
W(theory),1.11111111,,,,
Wq(theory),0.20202020,,,,
Lq(theory),0.04040404,,,,
