Metric,Mean,StdDev,CI_Lower,CI_Upper,CI_Width
AvgQ(Lq),0.63726927,0.04709914,0.60357891,0.67095962,0.06738071
Utilization(rho),0.53894904,0.00896276,0.53253791,0.54536017,0.01282226
AvgDelay(W),1.67812895,0.06358320,1.63264743,1.72361047,0.09096304
AvgWait(Wq),0.90889818,0.06358320,0.86341666,0.95437970,0.09096304
rho(theory),0.53846154,,,,
L(theory),1.16666667,,,,
W(theory),1.66666667,,,,
Wq(theory),0.89743590,,,,
Lq(theory),0.62820513,,,,
