Metric,Mean,StdDev,CI_Lower,CI_Upper,CI_Width
AvgQ(Lq),2.74823043,0.32247170,2.51756410,2.97889677,0.46133267
Utilization(rho),0.77826049,0.01559008,0.76710880,0.78941219,0.02230339
AvgDelay(W),5.02917462,0.44599950,4.71014796,5.34820128,0.63805332
AvgWait(Wq),3.91806351,0.44599950,3.59903685,4.23709017,0.63805332
rho(theory),0.77777778,,,,
L(theory),3.50000000,,,,
W(theory),5.00000000,,,,
Wq(theory),3.88888889,,,,
Lq(theory),2.72222222,,,,
