Metric,Mean,StdDev,CI_Lower,CI_Upper,CI_Width
AvgQ(Lq),0.51178701,0.02395088,0.49465478,0.52891925,0.03426447
Utilization(rho),0.50234285,0.00638784,0.49777359,0.50691212,0.00913854
AvgDelay(W),1.44325885,0.03869748,1.41557826,1.47093943,0.05536117
AvgWait(Wq),0.72897313,0.03869748,0.70129255,0.75665372,0.05536117
rho(theory),0.50000000,,,,
L(theory),1.00000000,,,,
W(theory),1.42857143,,,,
Wq(theory),0.71428571,,,,
Lq(theory),0.50000000,,,,
