Metric,Mean,StdDev,CI_Lower,CI_Upper,CI_Width
AvgQ(Lq),0.21127741,0.01237512,0.20242540,0.22012943,0.01770403
Utilization(rho),0.36530971,0.00634205,0.36077319,0.36984623,0.00907303
AvgDelay(W),1.43710558,0.03502354,1.41205299,1.46215818,0.05010519
AvgWait(Wq),0.52801467,0.03502354,0.50296208,0.55306727,0.05010519
rho(theory),0.36363636,,,,
L(theory),0.57142857,,,,
W(theory),1.42857143,,,,
Wq(theory),0.51948052,,,,
Lq(theory),0.20779221,,,,
