Metric,Mean,StdDev,CI_Lower,CI_Upper,CI_Width
AvgQ(Lq),3.58718368,0.34115121,3.34315576,3.83121159,0.48805583
Utilization(rho),0.81910089,0.00925188,0.81248295,0.82571882,0.01323587
AvgDelay(W),4.88999962,0.38374209,4.61550614,5.16449311,0.54898697
AvgWait(Wq),3.98090871,0.38374209,3.70641523,4.25540220,0.54898697
rho(theory),0.81818182,,,,
L(theory),4.50000000,,,,
W(theory),5.00000000,,,,
Wq(theory),4.09090909,,,,
Lq(theory),3.68181818,,,,
