Metric,Mean,StdDev,CI_Lower,CI_Upper,CI_Width
AvgQ(Lq),0.41774595,0.01209826,0.40909198,0.42639992,0.01730794
Utilization(rho),0.46884075,0.00502110,0.46524913,0.47243238,0.00718326
AvgDelay(W),1.26285613,0.01757196,1.25028678,1.27542547,0.02513869
AvgWait(Wq),0.59618946,0.01757196,0.58362011,0.60875881,0.02513869
rho(theory),0.46666667,,,,
L(theory),0.87500000,,,,
W(theory),1.25000000,,,,
Wq(theory),0.58333333,,,,
Lq(theory),0.40833333,,,,
