Metric,Mean,StdDev,CI_Lower,CI_Upper,CI_Width
AvgQ(Lq),0.20423600,0.02113406,0.18911865,0.21935334,0.03023469
Utilization(rho),0.36424552,0.00919583,0.35766768,0.37082337,0.01315568
AvgDelay(W),1.41829691,0.06268283,1.37345944,1.46313439,0.08967496
AvgWait(Wq),0.50920601,0.06268283,0.46436853,0.55404348,0.08967496
rho(theory),0.36363636,,,,
L(theory),0.57142857,,,,
W(theory),1.42857143,,,,
Wq(theory),0.51948052,,,,
Lq(theory),0.20779221,,,,
