Metric,Mean,StdDev,CI_Lower,CI_Upper,CI_Width
AvgQ(Lq),1.60908568,0.16727307,1.48943405,1.72873732,0.23930327
Utilization(rho),0.70152042,0.01650491,0.68971434,0.71332650,0.02361216
AvgDelay(W),3.29177345,0.22837199,3.12841732,3.45512958,0.32671226
AvgWait(Wq),2.29177345,0.22837199,2.12841732,2.45512958,0.32671226
rho(theory),0.70000000,,,,
L(theory),2.33333333,,,,
W(theory),3.33333333,,,,
Wq(theory),2.33333333,,,,
Lq(theory),1.63333333,,,,
