Metric,Mean,StdDev,CI_Lower,CI_Upper,CI_Width
AvgQ(Lq),0.42471262,0.01298529,0.41542415,0.43400109,0.01857694
Utilization(rho),0.47063539,0.00536998,0.46679420,0.47447657,0.00768237
AvgDelay(W),1.27184419,0.02440958,1.25438384,1.28930454,0.03492070
AvgWait(Wq),0.60517752,0.02440958,0.58771717,0.62263787,0.03492070
rho(theory),0.46666667,,,,
L(theory),0.87500000,,,,
W(theory),1.25000000,,,,
Wq(theory),0.58333333,,,,
Lq(theory),0.40833333,,,,
