Metric,Mean,StdDev,CI_Lower,CI_Upper,CI_Width
AvgQ(Lq),0.00917847,0.00131788,0.00823579,0.01012116,0.00188537
Utilization(rho),0.09132973,0.00355452,0.08878716,0.09387230,0.00508515
AvgDelay(W),0.99971053,0.03053349,0.97786970,1.02155135,0.04368165
AvgWait(Wq),0.09061962,0.03053349,0.06877879,0.11246044,0.04368165
rho(theory),0.09090909,,,,
L(theory),0.10000000,,,,
W(theory),1.00000000,,,,
Wq(theory),0.09090909,,,,
Lq(theory),0.00909091,,,,
