Metric,Mean,StdDev,CI_Lower,CI_Upper,CI_Width
AvgQ(Lq),8.62349093,1.55407111,7.51185267,9.73512920,2.22327653
Utilization(rho),0.91035604,0.01064305,0.90274299,0.91796909,0.01522611
AvgDelay(W),9.52251606,1.52916205,8.42869542,10.61633669,2.18764127
AvgWait(Wq),8.61342515,1.52916205,7.51960451,9.70724579,2.18764127
rho(theory),0.90909091,,,,
L(theory),10.00000000,,,,
W(theory),10.00000000,,,,
Wq(theory),9.09090909,,,,
Lq(theory),9.09090909,,,,
