Metric,Mean,StdDev,CI_Lower,CI_Upper,CI_Width
AvgQ(Lq),0.10400576,0.00408567,0.10108325,0.10692827,0.00584502
Utilization(rho),0.27347835,0.00383844,0.27073268,0.27622401,0.00549133
AvgDelay(W),1.25575800,0.01717479,1.24347275,1.26804325,0.02457050
AvgWait(Wq),0.34666709,0.01717479,0.33438184,0.35895234,0.02457050
rho(theory),0.27272727,,,,
L(theory),0.37500000,,,,
W(theory),1.25000000,,,,
Wq(theory),0.34090909,,,,
Lq(theory),0.10227273,,,,
