Metric,Mean,StdDev,CI_Lower,CI_Upper,CI_Width
AvgQ(Lq),1.11382480,0.09677247,1.04460276,1.18304684,0.13844409
Utilization(rho),0.63789611,0.01067544,0.63025989,0.64553233,0.01527244
AvgDelay(W),2.49754266,0.13460271,2.40126038,2.59382495,0.19256458
AvgWait(Wq),1.58845175,0.13460271,1.49216947,1.68473404,0.19256458
rho(theory),0.63636364,,,,
L(theory),1.75000000,,,,
W(theory),2.50000000,,,,
Wq(theory),1.59090909,,,,
Lq(theory),1.11363636,,,,
