Metric,Mean,StdDev,CI_Lower,CI_Upper,CI_Width
AvgQ(Lq),0.64511925,0.03270368,0.62172608,0.66851243,0.04678636
Utilization(rho),0.54118275,0.00768074,0.53568865,0.54667684,0.01098818
AvgDelay(W),1.68811570,0.04867663,1.65329696,1.72293445,0.06963749
AvgWait(Wq),0.91888493,0.04867663,0.88406619,0.95370368,0.06963749
rho(theory),0.53846154,,,,
L(theory),1.16666667,,,,
W(theory),1.66666667,,,,
Wq(theory),0.89743590,,,,
Lq(theory),0.62820513,,,,
