Metric,Mean,StdDev,CI_Lower,CI_Upper,CI_Width
AvgQ(Lq),0.25278421,0.01475779,0.24222785,0.26334057,0.02111271
Utilization(rho),0.39069979,0.00631014,0.38618610,0.39521348,0.00902738
AvgDelay(W),0.91535246,0.02415441,0.89807464,0.93263029,0.03455565
AvgWait(Wq),0.35979691,0.02415441,0.34251908,0.37707473,0.03455565
rho(theory),0.38888889,,,,
L(theory),0.63636364,,,,
W(theory),0.90909091,,,,
Wq(theory),0.35353535,,,,
Lq(theory),0.24747475,,,,
