Metric,Mean,StdDev,CI_Lower,CI_Upper,CI_Width
AvgQ(Lq),0.35201409,0.02211434,0.33619554,0.36783263,0.03163709
Utilization(rho),0.43962478,0.00552676,0.43567144,0.44357811,0.00790667
AvgDelay(W),1.12662728,0.03546281,1.10126047,1.15199408,0.05073360
AvgWait(Wq),0.50162728,0.03546281,0.47626047,0.52699408,0.05073360
rho(theory),0.43750000,,,,
L(theory),0.77777778,,,,
W(theory),1.11111111,,,,
Wq(theory),0.48611111,,,,
Lq(theory),0.34027778,,,,
