Metric,Mean,StdDev,CI_Lower,CI_Upper,CI_Width
AvgQ(Lq),0.81730873,0.07012609,0.76714703,0.86747043,0.10032340
Utilization(rho),0.58321100,0.01058688,0.57563812,0.59078387,0.01514574
AvgDelay(W),1.99709725,0.09273986,1.93075975,2.06343474,0.13267498
AvgWait(Wq),1.16376391,0.09273986,1.09742642,1.23010140,0.13267498
rho(theory),0.58333333,,,,
L(theory),1.40000000,,,,
W(theory),2.00000000,,,,
Wq(theory),1.16666667,,,,
Lq(theory),0.81666667,,,,
