Metric,Mean,StdDev,CI_Lower,CI_Upper,CI_Width
AvgQ(Lq),1.95066673,0.23006581,1.78609899,2.11523446,0.32913547
Utilization(rho),0.73049773,0.01491026,0.71983231,0.74116314,0.02133084
AvgDelay(W),3.34173067,0.28157665,3.14031686,3.54314448,0.40282762
AvgWait(Wq),2.43263976,0.28157665,2.23122595,2.63405357,0.40282762
rho(theory),0.72727273,,,,
L(theory),2.66666667,,,,
W(theory),3.33333333,,,,
Wq(theory),2.42424242,,,,
Lq(theory),1.93939394,,,,
