Metric,Mean,StdDev,CI_Lower,CI_Upper,CI_Width
AvgQ(Lq),0.38912200,0.03178680,0.36638467,0.41185932,0.04547465
Utilization(rho),0.45801693,0.00875306,0.45175581,0.46427806,0.01252225
AvgDelay(W),1.68279263,0.06345355,1.63740384,1.72818141,0.09077756
AvgWait(Wq),0.77370172,0.06345355,0.72831294,0.81909050,0.09077756
rho(theory),0.45454545,,,,
L(theory),0.83333333,,,,
W(theory),1.66666667,,,,
Wq(theory),0.75757576,,,,
Lq(theory),0.37878788,,,,
