Metric,Mean,StdDev,CI_Lower,CI_Upper,CI_Width
AvgQ(Lq),0.65736931,0.05662091,0.61686797,0.69787065,0.08100268
Utilization(rho),0.54608768,0.01020565,0.53878751,0.55338786,0.01460034
AvgDelay(W),2.00155781,0.09034478,1.93693353,2.06618208,0.12924855
AvgWait(Wq),1.09246690,0.09034478,1.02784263,1.15709118,0.12924855
rho(theory),0.54545455,,,,
L(theory),1.20000000,,,,
W(theory),2.00000000,,,,
Wq(theory),1.09090909,,,,
Lq(theory),0.65454545,,,,
