Metric,Mean,StdDev,CI_Lower,CI_Upper,CI_Width
AvgQ(Lq),1.92634429,0.25053672,1.74713357,2.10555501,0.35842144
Utilization(rho),0.72881507,0.01645677,0.71704343,0.74058672,0.02354330
AvgDelay(W),3.31063745,0.30728758,3.09083243,3.53044247,0.43961004
AvgWait(Wq),2.40154654,0.30728758,2.18174152,2.62135156,0.43961004
rho(theory),0.72727273,,,,
L(theory),2.66666667,,,,
W(theory),3.33333333,,,,
Wq(theory),2.42424242,,,,
Lq(theory),1.93939394,,,,
