Metric,Mean,StdDev,CI_Lower,CI_Upper,CI_Width
AvgQ(Lq),0.34783659,0.01556949,0.33669962,0.35897356,0.02227394
Utilization(rho),0.43880090,0.00515152,0.43511598,0.44248582,0.00736984
AvgDelay(W),1.12143363,0.02491797,1.10360962,1.13925763,0.03564801
AvgWait(Wq),0.49643363,0.02491797,0.47860962,0.51425763,0.03564801
rho(theory),0.43750000,,,,
L(theory),0.77777778,,,,
W(theory),1.11111111,,,,
Wq(theory),0.48611111,,,,
Lq(theory),0.34027778,,,,
