Metric,Mean,StdDev,CI_Lower,CI_Upper,CI_Width
AvgQ(Lq),0.29378767,0.01400502,0.28376978,0.30380556,0.02003578
Utilization(rho),0.41448759,0.00551584,0.41054207,0.41843310,0.00789104
AvgDelay(W),1.00685368,0.02513091,0.98887736,1.02483000,0.03595264
AvgWait(Wq),0.41861838,0.02513091,0.40064206,0.43659470,0.03595264
rho(theory),0.41176471,,,,
L(theory),0.70000000,,,,
W(theory),1.00000000,,,,
Wq(theory),0.41176471,,,,
Lq(theory),0.28823529,,,,
