Metric,Mean,StdDev,CI_Lower,CI_Upper,CI_Width
AvgQ(Lq),8.63757793,1.58434727,7.50428291,9.77087295,2.26659004
Utilization(rho),0.91064495,0.01084215,0.90288948,0.91840042,0.01551094
AvgDelay(W),9.53010102,1.55305377,8.41919046,10.64101157,2.22182111
AvgWait(Wq),8.62101011,1.55305377,7.51009955,9.73192066,2.22182111
rho(theory),0.90909091,,,,
L(theory),10.00000000,,,,
W(theory),10.00000000,,,,
Wq(theory),9.09090909,,,,
Lq(theory),9.09090909,,,,
