Metric,Mean,StdDev,CI_Lower,CI_Upper,CI_Width
AvgQ(Lq),0.10291740,0.01227285,0.09413854,0.11169626,0.01755771
Utilization(rho),0.27340105,0.00720452,0.26824760,0.27855450,0.01030690
AvgDelay(W),1.24866189,0.05330026,1.21053583,1.28678795,0.07625212
AvgWait(Wq),0.33957098,0.05330026,0.30144492,0.37769704,0.07625212
rho(theory),0.27272727,,,,
L(theory),0.37500000,,,,
W(theory),1.25000000,,,,
Wq(theory),0.34090909,,,,
Lq(theory),0.10227273,,,,
