Metric,Mean,StdDev,CI_Lower,CI_Upper,CI_Width
AvgQ(Lq),0.04166279,0.00396586,0.03882598,0.04449960,0.00567362
Utilization(rho),0.18450140,0.00449255,0.18128785,0.18771495,0.00642710
AvgDelay(W),1.11567735,0.03149109,1.09315155,1.13820316,0.04505161
AvgWait(Wq),0.20658645,0.03149109,0.18406064,0.22911225,0.04505161
rho(theory),0.18181818,,,,
L(theory),0.22222222,,,,
W(theory),1.11111111,,,,
Wq(theory),0.20202020,,,,
Lq(theory),0.04040404,,,,
