Metric,Mean,StdDev,CI_Lower,CI_Upper,CI_Width
AvgQ(Lq),2.76450765,0.26516814,2.57483097,2.95418433,0.37935336
Utilization(rho),0.77836440,0.01225907,0.76959540,0.78713340,0.01753800
AvgDelay(W),5.05687923,0.37309620,4.79000082,5.32375763,0.53375681
AvgWait(Wq),3.94576812,0.37309620,3.67888971,4.21264652,0.53375681
rho(theory),0.77777778,,,,
L(theory),3.50000000,,,,
W(theory),5.00000000,,,,
Wq(theory),3.88888889,,,,
Lq(theory),2.72222222,,,,
