Metric,Mean,StdDev,CI_Lower,CI_Upper,CI_Width
AvgQ(Lq),0.25450532,0.01211648,0.24583832,0.26317233,0.01733401
Utilization(rho),0.39117241,0.00620449,0.38673429,0.39561053,0.00887624
AvgDelay(W),0.91906774,0.01921173,0.90532546,0.93281003,0.02748457
AvgWait(Wq),0.36351219,0.01921173,0.34976990,0.37725447,0.02748457
rho(theory),0.38888889,,,,
L(theory),0.63636364,,,,
W(theory),0.90909091,,,,
Wq(theory),0.35353535,,,,
Lq(theory),0.24747475,,,,
