Metric,Mean,StdDev,CI_Lower,CI_Upper,CI_Width
AvgQ(Lq),3.57854749,0.39288762,3.29751215,3.85958283,0.56207069
Utilization(rho),0.81802690,0.00950473,0.81122810,0.82482570,0.01359760
AvgDelay(W),4.88165952,0.43708738,4.56900776,5.19431128,0.62530351
AvgWait(Wq),3.97256861,0.43708738,3.65991686,4.28522037,0.62530351
rho(theory),0.81818182,,,,
L(theory),4.50000000,,,,
W(theory),5.00000000,,,,
Wq(theory),4.09090909,,,,
Lq(theory),3.68181818,,,,
