Metric,Mean,StdDev,CI_Lower,CI_Upper,CI_Width
AvgQ(Lq),0.00919352,0.00052500,0.00881799,0.00956906,0.00075107
Utilization(rho),0.09094284,0.00151568,0.08985866,0.09202702,0.00216836
AvgDelay(W),1.00053949,0.01213402,0.99185994,1.00921904,0.01735910
AvgWait(Wq),0.09144858,0.01213402,0.08276903,0.10012813,0.01735910
rho(theory),0.09090909,,,,
L(theory),0.10000000,,,,
W(theory),1.00000000,,,,
Wq(theory),0.09090909,,,,
Lq(theory),0.00909091,,,,
