Metric,Mean,StdDev,CI_Lower,CI_Upper,CI_Width
AvgQ(Lq),0.50748826,0.02233788,0.49150981,0.52346670,0.03195689
Utilization(rho),0.50098335,0.00590361,0.49676046,0.50520625,0.00844579
AvgDelay(W),1.43834042,0.03233801,1.41520881,1.46147203,0.04626322
AvgWait(Wq),0.72405471,0.03233801,0.70092309,0.74718632,0.04626322
rho(theory),0.50000000,,,,
L(theory),1.00000000,,,,
W(theory),1.42857143,,,,
Wq(theory),0.71428571,,,,
Lq(theory),0.50000000,,,,
