Metric,Mean,StdDev,CI_Lower,CI_Upper,CI_Width
AvgQ(Lq),0.81115940,0.06286215,0.76619366,0.85612515,0.08993149
Utilization(rho),0.58353771,0.01023820,0.57621425,0.59086116,0.01464691
AvgDelay(W),1.99033711,0.08458018,1.92983629,2.05083792,0.12100163
AvgWait(Wq),1.15700377,0.08458018,1.09650296,1.21750459,0.12100163
rho(theory),0.58333333,,,,
L(theory),1.40000000,,,,
W(theory),2.00000000,,,,
Wq(theory),1.16666667,,,,
Lq(theory),0.81666667,,,,
