Metric,Mean,StdDev,CI_Lower,CI_Upper,CI_Width
AvgQ(Lq),0.65306163,0.04764071,0.61898389,0.68713937,0.06815548
Utilization(rho),0.54563443,0.00772659,0.54010755,0.55116131,0.01105377
AvgDelay(W),1.99599768,0.07638763,1.94135706,2.05063831,0.10928125
AvgWait(Wq),1.08690677,0.07638763,1.03226615,1.14154740,0.10928125
rho(theory),0.54545455,,,,
L(theory),1.20000000,,,,
W(theory),2.00000000,,,,
Wq(theory),1.09090909,,,,
Lq(theory),0.65454545,,,,
